Train Accuracy,Train Loss,Local Accuracy,Global Accuracy,Loss Standard Deviation
0.8799666666666666,0.42437842674851417,0.8467799999999999,0.1139,0.22091031851302068
0.9086166666666665,0.30117901670485736,0.8712399999999999,0.1161,0.07364137486747942
0.8714166666666667,0.5696851055860519,0.8448499999999999,0.1172,0.6826082369876892
0.89135,0.3809631239225468,0.85661,0.1188,0.17172358712908817
0.8988666666666667,0.3393328288214902,0.85936,0.1203,0.1314352818781565
0.8831500000000001,0.45571974604576826,0.8542,0.122,0.42554381557773496
0.8831666666666667,0.41006369289581973,0.8530099999999999,0.1234,0.2647424709177986
0.9065,0.3033710048745076,0.8716999999999999,0.1253,0.05006775919445262
0.9131666666666667,0.28394780011524756,0.87556,0.1278,0.032342189381755614
0.8668166666666668,0.8269830324682096,0.8323,0.1299,1.7007314289302629
0.9110333333333334,0.2905063848247131,0.8721800000000001,0.1317,0.06730623050020698
0.9016166666666667,0.3289797981274624,0.8635800000000001,0.1339,0.1636265825548015
0.9118833333333333,0.2911057451004784,0.8768799999999999,0.135,0.04634773184123872
0.8790333333333333,0.5046384676446517,0.84801,0.1371,0.5083270209128595
0.8986666666666667,0.3407714360132813,0.86192,0.1387,0.1464078468918581
0.88145,0.3796928843289614,0.8499500000000001,0.1402,0.11102206893075045
0.8986500000000002,0.33458441694478197,0.8615,0.1416,0.14874259113450314
0.8786166666666667,0.4411918237634003,0.84582,0.1433,0.2903669178872204
0.8857333333333334,0.4204122656049828,0.85023,0.1456,0.30027400503106055
0.9080833333333334,0.31549890225181976,0.87319,0.1474,0.14068310403332593
0.8849666666666667,0.4165225051522255,0.85802,0.1499,0.31432322166486765
0.9114,0.29293936498363815,0.87495,0.1524,0.04299975802285691
0.8956333333333333,0.3443606678771476,0.85756,0.1542,0.1515707450623296
0.87815,0.4273230355853836,0.84138,0.1564,0.24602865848373756
0.8913,0.3846720248887936,0.85161,0.1581,0.25964521103763283
0.9127333333333333,0.28527903429865836,0.87544,0.161,0.04535861220878918
0.8804,0.498167916289717,0.84475,0.1629,0.6486722948759416
0.8776833333333333,0.5491714756463965,0.85113,0.1651,0.6554719465858609
0.8132333333333333,0.8509794149786234,0.79406,0.167,0.9948445793265865
0.9180333333333334,0.2731357648196319,0.8791100000000001,0.1698,0.04648773152183682
0.9066333333333333,0.3137316783457994,0.86824,0.1721,0.1393420733256406
0.908,0.3049841635490457,0.8702700000000001,0.1753,0.07538223983710773
0.9091666666666667,0.2984348937831819,0.87047,0.1778,0.08887439312420796
0.8831833333333333,0.4037005697016915,0.8529,0.1796,0.22245248601071899
0.9025,0.33241139319092033,0.8633900000000001,0.1821,0.1841962781566061
0.8207333333333333,0.9649948687444131,0.80044,0.1843,1.3081524104138489
0.9064,0.3047572666659951,0.8697199999999999,0.1865,0.08788656864327327
0.89495,0.34746827519312506,0.8604999999999999,0.1888,0.12812414209199968
0.9124833333333333,0.28632792425503334,0.87538,0.1908,0.04840589965154825
0.9052833333333333,0.33775146839395165,0.86817,0.1927,0.16808256482182726
0.8810666666666668,0.38579520880033574,0.85125,0.1954,0.17933016201777519
0.9128833333333335,0.28678641774108016,0.8746700000000001,0.1971,0.069559199486421
0.9062666666666667,0.3012813738542298,0.87396,0.1992,0.06814128610629071
0.8960499999999999,0.38019677917957306,0.86793,0.2023,0.2790479881473899
0.9154,0.2820053767696023,0.87723,0.2043,0.06923539817221581
0.9099666666666666,0.2953472969825069,0.87367,0.2064,0.039762432429957834
0.9022333333333333,0.3206328510269522,0.86738,0.2088,0.10912248073845542
0.9096333333333334,0.2893882370819648,0.87543,0.2107,0.048614292995520364
0.8701333333333333,0.5368719505762061,0.83418,0.2127,0.6477706525565392
0.9253166666666667,0.24813424124618372,0.8880299999999999,0.2155,0.027778163600628895
0.9197333333333334,0.2676131961529454,0.88175,0.2182,0.08563651834394635
0.8683333333333332,0.6285143495964507,0.8325699999999999,0.2214,1.0826695144297196
0.9138,0.2777713568210602,0.87878,0.2248,0.03644283817783827
0.8963833333333334,0.33301490408380824,0.8614700000000001,0.2282,0.17202915863509177
0.9180666666666666,0.26887734695896504,0.8805000000000001,0.2314,0.039653398645794445
0.9156166666666667,0.27275802083313466,0.8774500000000001,0.2342,0.050715214874974275
0.9187166666666666,0.2633803199628989,0.8817900000000001,0.2364,0.030141770715064714
0.8975000000000001,0.41342370040242865,0.86671,0.2384,0.40459088768097884
0.8871333333333333,0.3838953858440121,0.85482,0.241,0.20177922452959027
0.8799666666666667,0.514826891198506,0.8448599999999999,0.2434,0.8161558681811218
0.9117500000000001,0.28151932006726665,0.8757699999999999,0.247,0.05630629345368474
0.8891500000000001,0.40282117023244507,0.8547,0.2504,0.2472223620139704
0.9146333333333333,0.2758250434825818,0.8786999999999999,0.2534,0.04990394617383989
0.8779999999999999,0.5233340060651304,0.84409,0.2582,0.7383997726094697
0.9217166666666666,0.2569902017486592,0.88516,0.2621,0.02318524316761337
0.8504833333333334,0.6827815815421443,0.8194700000000001,0.2655,0.794393913999363
0.8267833333333334,0.9987926734844843,0.80555,0.2692,1.2208996774133032
0.8986666666666667,0.3542732609046002,0.86817,0.2739,0.20133063437703339
0.9229666666666666,0.25392609966248275,0.8865399999999999,0.2779,0.02903046973027458
0.9212666666666667,0.2574932128901283,0.8822199999999999,0.2811,0.047210990230827775
0.9013,0.35371861229911444,0.8655499999999999,0.2864,0.35829440774612753
0.8306333333333333,0.8868793416629235,0.80924,0.2914,1.104330109763453
0.8860666666666668,0.4215125233575701,0.85131,0.2942,0.4177172251296547
0.8809166666666667,0.5065238030751545,0.84841,0.2988,0.6215043385517934
0.8756166666666667,0.6162634294562042,0.8511299999999999,0.3024,0.8536261384699249
0.8895166666666665,0.4315933503374457,0.8554499999999999,0.3072,0.4797131807842884
0.8934,0.34840686732307075,0.86215,0.3113,0.1330667110637666
0.8754666666666667,0.6492701826450725,0.8439300000000001,0.3167,0.8868736986857996
0.8969166666666667,0.3415938644131025,0.86903,0.3223,0.17911628035158175
0.9082,0.29490904505948223,0.8740600000000001,0.3279,0.09681293272238352
0.9143833333333333,0.2776279407337308,0.87863,0.3331,0.058707036079380555
0.8878833333333334,0.4231558847149213,0.85932,0.3369,0.34466707436091615
0.8713000000000001,0.958484886456281,0.8371299999999999,0.3423,2.2474722680422423
0.8897166666666667,0.48483025309145444,0.86161,0.3477,0.5269807484184129
0.8620833333333334,0.5747934817264477,0.83092,0.3525,0.7990456043900319
0.8940833333333333,0.4090350178209443,0.86431,0.3578,0.4074078204704274
0.8929333333333335,0.4010521809327106,0.85813,0.3621,0.5082439213741616
0.8525500000000001,0.7224755468443036,0.8293900000000001,0.3676,0.9546683477350015
0.9190166666666667,0.2626929796097179,0.8824700000000001,0.3734,0.07473974132453143
0.8888166666666667,0.3779539237005015,0.85543,0.3786,0.19282481081711456
0.9045833333333333,0.31901538011034336,0.8701099999999999,0.3834,0.140419758284556
0.9094833333333332,0.2984540903906027,0.8771599999999999,0.3872,0.09841607099870131
0.9247833333333333,0.2449258074986438,0.88884,0.3913,0.04317103408361506
0.8908666666666667,0.4109286867852012,0.8635499999999999,0.3956,0.35305933653749344
0.87285,0.5490202301241458,0.84711,0.4,0.6722723764571314
0.90665,0.3257018639239172,0.87062,0.4044,0.26046318670548013
0.9026333333333334,0.31763067656755445,0.8685700000000001,0.409,0.09377095168510141
0.90795,0.31653499225775406,0.87298,0.4144,0.19762118209354848
0.9096833333333334,0.3582210678398609,0.87373,0.4206,0.3469633427085072
0.9105500000000001,0.29754985233470804,0.8746000000000002,0.4267,0.12359352297208245
0.8970999999999999,0.36977524159227804,0.8663700000000001,0.4317,0.3061497090624179
0.9215833333333334,0.2567197029781838,0.88448,0.4373,0.04052354989673996
0.9214333333333333,0.25794961245184145,0.88519,0.4428,0.03123409259000266
0.90825,0.30141037761221334,0.87575,0.4489,0.06596855370245157
0.8815333333333333,0.6024462292470039,0.8442200000000001,0.4549,1.0604274024652416
0.9068666666666667,0.30634217107817524,0.8715999999999999,0.4604,0.1411322487673331
0.8831333333333333,0.4730432935404281,0.85159,0.4671,0.4478744296497011
0.8967999999999999,0.33822291586721936,0.86319,0.4728,0.14289226122505588
0.8666666666666666,0.6120806031435727,0.83498,0.4785,1.0216519435175462
0.9146166666666666,0.2807538488894701,0.8789,0.4841,0.11578704123617514
0.9079333333333334,0.304880895058314,0.87136,0.4883,0.1735675366442178
0.8808166666666667,0.6656694315699239,0.8439099999999999,0.4935,1.314955742571063
0.8939499999999999,0.42655828289290265,0.8593700000000001,0.5003,0.5451963452629036
0.8746833333333334,0.7864800519483787,0.84049,0.5055,1.6447618178734011
0.9175833333333333,0.2724672708960871,0.8811899999999999,0.5112,0.12813947467321954
0.8854666666666667,0.5034539779382448,0.8506800000000001,0.516,0.7974137336820736
0.8972833333333333,0.35438508310069644,0.8648,0.5214,0.16935743467541958
0.8374333333333334,0.8721564213782549,0.81318,0.5263,1.2032106617530078
0.9202333333333333,0.2634411260296901,0.8822399999999999,0.5312,0.10096674530255031
0.8999666666666666,0.33895567989895736,0.86797,0.5363,0.18904746556115865
0.90875,0.3007450491348903,0.8758,0.541,0.08828056009244582
0.9126000000000001,0.27971233088945346,0.8796599999999999,0.5461,0.09693074941113643
0.9141166666666667,0.2767212856377165,0.8786499999999999,0.5512,0.06538923251760172
0.8959833333333332,0.3819623228095472,0.8592300000000002,0.5561,0.33170806001315045
0.9222666666666667,0.2621274119250476,0.8862700000000001,0.5618,0.10863825772552682
0.9219833333333333,0.2538315526597202,0.8865100000000001,0.5667,0.06034328345467916
0.9309000000000001,0.22680324498837195,0.8924099999999999,0.5704,0.04058822065334093
0.9209499999999999,0.25492592704916994,0.88376,0.5733,0.054353259614461406
0.9163166666666667,0.27793182008738315,0.88149,0.579,0.10216949685814437
0.90965,0.31699259231090543,0.87354,0.5826,0.25778434313194976
0.9158333333333333,0.272341341073811,0.8860699999999999,0.5885,0.04042715330191442
0.8711166666666668,0.4568202633182208,0.84231,0.593,0.30930553317365667
0.9222166666666666,0.25214637407014767,0.88745,0.5978,0.05822273912495647
0.91405,0.2823717771679163,0.8793199999999999,0.602,0.08017287083632567
0.9025166666666667,0.3533491021980842,0.8676299999999999,0.6065,0.2609051749981834
0.86215,0.8008297663989166,0.8388700000000001,0.6124,1.3353086146084925
0.8910833333333333,0.3775666223560771,0.8567699999999999,0.6166,0.32856242437855876
0.9156,0.2837903216640155,0.87869,0.6212,0.1963202371664796
0.8823333333333333,0.5378369083960851,0.8448299999999999,0.6261,0.9714464511181584
0.9245666666666668,0.24299524591291946,0.88944,0.6313,0.04361968856770987
0.8999666666666667,0.469317702391992,0.8702899999999999,0.6353,0.5733901254040853
0.8952166666666665,0.39280891122172273,0.86161,0.6396,0.45494035606624894
0.9184499999999999,0.26811930158759156,0.8823299999999998,0.6437,0.13528862815539355
0.90235,0.3388731779061258,0.8715499999999999,0.6499,0.2299463084784007
0.9254666666666667,0.24302386144176127,0.88945,0.6542,0.05128900722834826
0.8915166666666667,0.4741691203802824,0.8645600000000001,0.6587,0.5756133062658326
0.8853166666666668,0.41225487220486,0.8601600000000001,0.6642,0.3116103974422607
0.9202833333333335,0.25630713336517413,0.8866,0.6683,0.05818311514770338
0.9263666666666667,0.23422631919234993,0.8900299999999999,0.6737,0.02773494128670118
0.8619166666666667,0.6288476313461859,0.83168,0.6775,0.9053650836413876
0.9290166666666667,0.2249514775512119,0.89335,0.6819,0.02526758398652307
0.9125333333333333,0.30178218098680176,0.8784000000000001,0.6876,0.16420297946937226
0.8270333333333334,0.8350616202759246,0.8027500000000001,0.6909,1.026974814281363
0.9092333333333333,0.3015913544386626,0.87522,0.695,0.13522654100726694
0.9223166666666668,0.2511162886723876,0.88934,0.6989,0.051003663717414736
0.8735833333333333,0.5424439613518615,0.8435800000000002,0.7027,0.5563630799831453
0.8956666666666666,0.4078995650835336,0.8655099999999999,0.7059,0.35279435805875126
0.9263999999999999,0.2376079059953491,0.8914599999999999,0.71,0.0721433936971313
0.8232,0.9846256103292108,0.80484,0.7143,1.407638741193805
0.9124666666666666,0.2837759102332095,0.8801699999999999,0.7185,0.14230599742753308
0.9266166666666666,0.24044535056700309,0.89163,0.7231,0.06446328615601031
0.92985,0.22610588120420774,0.89384,0.7266,0.032764969055295114
0.92265,0.25588448813731474,0.88591,0.7298,0.1466895751894938
0.9227666666666666,0.25864228809426226,0.88619,0.7323,0.13344619547881248
0.9117666666666666,0.2939124265444776,0.8780699999999999,0.7345,0.1497856074582996
0.8409333333333333,0.8211928420516352,0.8208899999999999,0.7366,1.073059898609327
0.8948666666666666,0.5511858731667201,0.85966,0.7409,1.047134705845579
0.9220666666666667,0.255854575175792,0.8862700000000001,0.7449,0.09452131371709979
0.9260666666666666,0.23650645645409824,0.8921600000000001,0.747,0.04988050825279127
0.9182333333333333,0.273640368137757,0.88016,0.7504,0.14411895541514447
0.9247833333333334,0.24699090415736036,0.8900600000000001,0.7538,0.07181047263173153
0.9199666666666666,0.26805968736583985,0.88306,0.7568,0.17335587963561233
0.8990666666666666,0.3688239258423448,0.862,0.76,0.27431119751145944
0.9236666666666669,0.2514624470921854,0.88793,0.7631,0.09729015647487835
0.9347333333333334,0.21295587075824537,0.89622,0.7662,0.048470301054397966
0.8848666666666667,0.39635281940375766,0.85083,0.7695,0.263018288064821
0.9078499999999999,0.3102961025811732,0.87458,0.7731,0.2442526317639161
0.8999166666666667,0.3835285726174712,0.8723199999999999,0.7754,0.3552517425638221
0.8324833333333332,0.8533456404224038,0.8095399999999999,0.7772,1.0513935645085928
0.9223666666666668,0.25486520885874825,0.887,0.78,0.14848518619797604
0.91715,0.29432525851950053,0.8858999999999999,0.7824,0.19009391359032982
0.9299499999999999,0.22935161494935552,0.8926099999999999,0.7842,0.054091101767720765
0.9253,0.24809135383193692,0.88637,0.7869,0.1372214866489996
0.9332499999999999,0.21395418430144586,0.8967499999999999,0.7894,0.05643589238604132
0.9228166666666666,0.24630918455297748,0.8867200000000001,0.791,0.0754031490537148
0.9301666666666667,0.22778309605916341,0.8934599999999999,0.7935,0.058101494585653245
0.9353333333333332,0.2114795320098599,0.8990699999999999,0.7959,0.0564174630447913
0.9154166666666665,0.2758855663212637,0.8818,0.7982,0.15255844138510355
0.9297,0.2294540149393181,0.8924099999999999,0.8007,0.05670938957927677
0.9319666666666665,0.22126524461433295,0.8947,0.8027,0.040479158331869936
0.8875666666666667,0.465354422501723,0.8635800000000001,0.8054,0.4508020531980203
0.9312333333333334,0.22714929023782413,0.89603,0.8081,0.058152718418095696
0.9258333333333334,0.24249188429415225,0.89013,0.8097,0.09775833670829012
0.9224166666666667,0.2653213505578538,0.88478,0.8119,0.20183672396782162
0.8480166666666666,0.6992070726873975,0.82665,0.8141,0.8718648698129555
0.8965500000000001,0.36039657163843514,0.86235,0.8171,0.3164465413331164
0.9393833333333332,0.1985051442677776,0.90309,0.8194,0.029241957071813113
0.9198500000000001,0.26297914970691005,0.88444,0.8209,0.12228892814467758
0.9300833333333334,0.2304499544655283,0.8941999999999999,0.8238,0.08764198629345447
0.9286833333333332,0.23568149427647392,0.8937200000000001,0.8255,0.08781277288868482
0.88195,0.45577655077377954,0.8566499999999999,0.8275,0.5160502776492673
0.9262333333333332,0.2401990752910574,0.8912899999999999,0.8295,0.07600979489965358
0.9206999999999999,0.28507166837255166,0.8837800000000001,0.8309,0.29411701697895276
0.9218333333333333,0.27972124795094133,0.8870300000000001,0.8328,0.24202372329684607
0.9009833333333334,0.326265174998343,0.87166,0.8337,0.1724465580352485
0.8654833333333333,0.6099518943573037,0.8331299999999999,0.8361,0.6970275857174549
0.9188999999999999,0.27760449526955683,0.88512,0.8378,0.1594463698505145
0.9268833333333333,0.2384272449615101,0.8913700000000001,0.8395,0.06585026316243288
0.9255333333333334,0.24961010302801928,0.8891100000000001,0.8422,0.13442048274257207
0.9151333333333334,0.27426772130429744,0.87933,0.8434,0.1638032318311956
0.8736166666666666,0.8175942012324928,0.8525000000000001,0.8443,1.5519497938974998
0.9398666666666667,0.19801666359603406,0.9022399999999999,0.8459,0.023456969943147075
0.93455,0.21491668508226675,0.8981699999999999,0.8472,0.04878147422846526
0.9411,0.195734466175735,0.9032,0.8484,0.03453889652394158
0.9262666666666666,0.2422863868966699,0.8918200000000001,0.8505,0.10737607762319493
0.8904,0.40552393410031995,0.8590000000000001,0.8523,0.33532239896828897
0.8834833333333334,0.43040639667635167,0.8545799999999999,0.8533,0.3297698056420086
0.9330833333333333,0.2143929088351627,0.8957900000000001,0.8549,0.06862880233429301
0.8949,0.4677089878844718,0.8609300000000001,0.8559,0.8156515317887147
0.9015833333333333,0.33779005007719004,0.8684100000000001,0.857,0.28758824046840453
0.9113666666666667,0.35688511186142763,0.87859,0.8581,0.4987314385153052
0.9307833333333333,0.22454822429592408,0.8957400000000001,0.8594,0.05537986299076227
0.9406333333333334,0.19899481962199012,0.9023300000000001,0.8605,0.06380563166826325
0.8782333333333333,0.6220225464825828,0.84686,0.8623,1.101554982056551
0.92705,0.23494071699082852,0.88837,0.8635,0.11597406969836623
0.9431499999999999,0.19076245429640015,0.90579,0.8644,0.03276632691079933
0.8826166666666668,0.42274734449709456,0.85505,0.8653,0.3772449745652112
0.9351,0.21318939343144494,0.89717,0.866,0.08169024748268847
0.9385333333333333,0.20398519968812664,0.90135,0.8669,0.0612219482644727
0.9416333333333333,0.19143915014763674,0.9051600000000001,0.8674,0.03125508105065658
0.9287166666666665,0.23283687224040428,0.8939,0.8687,0.11017014365677248
0.9282666666666668,0.23925903151730696,0.89501,0.8701,0.10134802474234465
0.8941,0.5155961979709566,0.8685,0.8709,0.7387774984809716
0.8291166666666667,1.2810128865758579,0.8026999999999999,0.8719,2.4366326988581957
0.9348166666666666,0.2110604000101487,0.90003,0.8724,0.05580576877451694
0.9345500000000001,0.21321566991209984,0.9001999999999999,0.8732,0.03932314881411139
0.9372333333333334,0.2066606820240617,0.8994900000000001,0.8742,0.07516358542777768
0.9288666666666666,0.23602312678222853,0.89191,0.8759,0.12438392238087274
0.9107,0.31150026497791217,0.87999,0.877,0.1988172473821862
0.8574333333333334,0.9543386123885712,0.8305000000000001,0.8779,1.83831128543909
0.9132,0.294328688836346,0.87896,0.8791,0.18100467951791144
0.8831666666666668,0.5996639707706869,0.86028,0.8805,0.9884698183449326
0.9337,0.21868469345544778,0.89861,0.8817,0.0970934701257025
0.9212666666666668,0.25665770060593884,0.8890999999999999,0.8826,0.13406290263554735
0.9078333333333335,0.3526482051047186,0.8827400000000001,0.8834,0.3894821537477862
0.93285,0.22592304118896522,0.89724,0.8843,0.13087992059443745
0.8914,0.40168149894624955,0.86403,0.8859,0.36789116579111203
0.9437333333333334,0.1861147993989289,0.9070099999999999,0.8863,0.05169313762007199
0.9302,0.23775449893648426,0.89617,0.8872,0.1750839090912864
0.9433,0.18487829325969019,0.90765,0.8879,0.027507456821393224
0.9424833333333335,0.18795189405332008,0.90615,0.8886,0.03451730518296654
0.9164166666666668,0.27730060956751307,0.8825599999999999,0.8895,0.13544772721492254
0.9121500000000001,0.319528654148678,0.88185,0.89,0.24052957210242748
0.9371833333333333,0.2081317372046411,0.90127,0.8903,0.0954938073936174
0.9340833333333334,0.2244131916599969,0.89856,0.8909,0.15273144046306958
0.9311,0.2219684062557916,0.89682,0.8915,0.09559865744033934
0.9385666666666665,0.20148851379007102,0.9013300000000001,0.8921,0.04858523564755451
0.9458500000000001,0.17964360213478406,0.90863,0.8925,0.023761651480297942
0.9036000000000001,0.4012588813257715,0.8673399999999999,0.8929,0.6533466711473237
0.9309333333333334,0.21961859641472498,0.89866,0.8934,0.06484961775983843
0.9213666666666667,0.31675814292033516,0.88796,0.894,0.4582581865911413
0.937,0.20244880371168256,0.9040600000000001,0.8944,0.03859420404667459
0.9415833333333334,0.19122144017592074,0.9047400000000001,0.8954,0.03614718490692223
0.9046000000000001,0.3336951704894503,0.87078,0.8957,0.29411137330915116
0.9434333333333332,0.19209965276742977,0.90711,0.896,0.08629390227826085
0.9308000000000001,0.2618225892667969,0.8959300000000001,0.8962,0.2338610667111983
0.9468166666666668,0.1756987968904277,0.91164,0.8966,0.025398273990167534
0.9422,0.19151896956215303,0.9070499999999999,0.8973,0.04636376968823913
0.9442666666666667,0.18272609409987928,0.9094599999999999,0.8979,0.03701424219983344
0.9500166666666668,0.16610731035098433,0.9134500000000001,0.8986,0.023309733736732625
0.9237166666666667,0.2539194083049893,0.8933099999999999,0.8989,0.14350712087824172
0.9395333333333333,0.19737319599712888,0.90454,0.8997,0.052362684079551344
0.89415,0.4525678179018199,0.8627400000000002,0.9006,0.7068395581462901
0.9251666666666666,0.25352020338376363,0.89307,0.9018,0.13446135019218208
0.9227666666666666,0.26087552226483823,0.89117,0.9025,0.15080509911528944
0.95075,0.16721256696507336,0.9138599999999999,0.9031,0.01619700598694541
0.8654,0.6693839225446184,0.84607,0.9038,1.119515780638879
0.9336166666666667,0.21895577871625624,0.9003800000000001,0.904,0.10399613180689025
0.91135,0.3178386642821134,0.8777,0.9046,0.3474603833164468
0.87485,0.6648128887193898,0.8474499999999999,0.9046,0.9125943300323726
0.9253166666666667,0.24663102160145836,0.89079,0.9055,0.14419622933306206
0.9436,0.1840645835762223,0.91001,0.9059,0.05662145738388902
0.9325833333333334,0.22911599886144204,0.89541,0.9067,0.15322813354348788
0.9428333333333332,0.19480995532025894,0.9073100000000001,0.9068,0.10360382420082968
0.9369000000000001,0.204614832739532,0.9028799999999999,0.9071,0.0536658102347414
0.8993666666666666,0.5739847444372871,0.87559,0.9075,0.875449050283608
0.9035333333333334,0.5598557494866352,0.87879,0.908,0.9546878464995497
0.9288666666666667,0.3038163703727225,0.8953800000000001,0.9082,0.3967071796727201
0.94115,0.19681216909016172,0.90661,0.9085,0.09994385629780728
0.8748333333333334,0.8094401345362265,0.85585,0.9088,1.44534694933995
0.9417666666666666,0.1937389372207224,0.90739,0.9088,0.08469691240102799
0.9482666666666667,0.1730158816188574,0.9132899999999999,0.909,0.03464540990786456
0.9408833333333334,0.19401241865903138,0.90526,0.9096,0.0821965757181393
0.94815,0.17118986349925397,0.91468,0.9101,0.03401984598482054
0.9344500000000001,0.2125011818262438,0.90099,0.9102,0.06903666705573056
0.9142666666666668,0.31741299531459805,0.8872000000000001,0.9114,0.32122945039190015
0.94675,0.17739462822973728,0.9092899999999999,0.9118,0.037518084166107246
0.9175999999999999,0.40710663906211664,0.8832,0.9127,0.6756695199021452
0.90035,0.4406368230779966,0.8684499999999999,0.9128,0.5099884518984587
0.9356500000000001,0.21719346982886395,0.9016600000000001,0.9134,0.11871720932404407
0.911,0.4609253063542148,0.88619,0.9138,0.7268558354202601
0.8691166666666666,0.6495270133773485,0.83847,0.9144,1.1276543010645306
0.9065666666666667,0.3825933225897451,0.87413,0.9154,0.40362487781334977
0.9447333333333334,0.18612323513428372,0.9086000000000001,0.9159,0.07575758952318397
0.9417333333333333,0.19399389235476652,0.9097700000000001,0.9159,0.09737702156768076
0.9457833333333333,0.1806086336384217,0.91055,0.916,0.07871830574284645
0.8718,1.1879239124469458,0.8386399999999999,0.9162,3.2018172562377893
0.9303500000000001,0.2534592653209965,0.89676,0.9167,0.2342665208811074
0.9046166666666667,0.4930809357183675,0.8693500000000001,0.917,1.0453133270817407
0.9509333333333333,0.16364978313942752,0.9128200000000001,0.9176,0.05129855899776923
0.9193166666666666,0.31870409403989713,0.8880499999999999,0.9178,0.33403131003185477
0.9493833333333334,0.1680497301702698,0.9145300000000001,0.9178,0.027019609805437658
0.9173500000000001,0.28144033869231744,0.8831300000000002,0.9182,0.21685439427530756
0.9526333333333333,0.1599756843559444,0.9173399999999999,0.918,0.017624160802813763
0.9506666666666667,0.1630089335379501,0.91512,0.9183,0.022240978453726176
0.9496499999999999,0.16689378698517882,0.91569,0.9187,0.0269963914506718
0.9491499999999999,0.17475705108940603,0.91338,0.9187,0.07907522295990221
0.9479,0.170425781776011,0.91477,0.9187,0.029759474956887234
0.9425,0.19958504570747412,0.9071400000000001,0.9192,0.11961256015322425
0.9401666666666667,0.1903727409986158,0.9058900000000001,0.9196,0.057220650011043955
0.9405166666666666,0.19187932338540753,0.90766,0.9196,0.06675447383068076
0.9455833333333334,0.18070818982571363,0.9104699999999999,0.9198,0.08165190186992867
0.9520666666666666,0.15883421728610994,0.91672,0.9199,0.029701787793947904
0.9259666666666666,0.2566595547420283,0.89348,0.9201,0.17688193212974193
0.9554333333333332,0.15127496218731007,0.91933,0.9205,0.015328762805283258
0.9402499999999999,0.19741293816889327,0.90657,0.9212,0.05650771420645142
0.9514166666666666,0.1610771546341479,0.9155,0.9212,0.04290422242168121
0.8878333333333331,1.0520251113742591,0.85507,0.9216,2.8067221013669896
0.9523499999999999,0.1581270425975323,0.9173000000000001,0.9217,0.0342546425078291
0.9126500000000001,0.31203127629347144,0.8874899999999999,0.9219,0.2728865736524614
0.9400999999999999,0.19500244884913168,0.90819,0.9222,0.07652044762224015
0.9439666666666666,0.18732528102993967,0.90935,0.9224,0.0839213223567175
0.9547833333333334,0.15278481912389397,0.9197599999999999,0.9227,0.013850898949640575
0.9428166666666666,0.18841295788958667,0.91075,0.9226,0.09326942307259758
0.9494333333333334,0.17052797329773503,0.91516,0.9229,0.053683551932329536
0.9515166666666667,0.1639879580867787,0.91548,0.9231,0.03204639868985781
0.9484166666666667,0.1678633812164267,0.9132500000000001,0.9233,0.045343734852527004
0.9608333333333333,0.13848574214875697,0.9244899999999999,0.9239,0.013609689338239578
0.9446333333333334,0.17855921166415017,0.9118799999999999,0.9245,0.06271579773204908
0.9446000000000001,0.17973624609783292,0.9104400000000001,0.9246,0.05823324059320586
0.95625,0.14822834988410274,0.9224700000000001,0.9249,0.012251750397034319
0.9520333333333334,0.15769772722447914,0.91828,0.9249,0.030415643220389473
0.9525333333333332,0.15818523323660097,0.9170299999999999,0.9251,0.044786595359315645
0.9374499999999999,0.22000392543151973,0.90501,0.9253,0.21884200599101492
0.9141833333333333,0.33622331292430563,0.8795900000000001,0.9255,0.46884542900433596
0.9470166666666667,0.18162902434840797,0.91068,0.9257,0.10958048102229624
0.9538500000000001,0.15133444182810685,0.9199799999999999,0.926,0.02688533299173132
0.9537666666666668,0.15565891530364753,0.9199400000000001,0.9263,0.027844713485434994
0.9431166666666667,0.1871956813732783,0.9085500000000001,0.9264,0.0790447500166335
0.9558333333333334,0.14790456986327968,0.92265,0.9265,0.015064980072497802
0.9512,0.1588346001458665,0.9165400000000001,0.9268,0.026194582139128876
0.9551666666666666,0.14875661929870648,0.9213399999999999,0.9266,0.018981132322875544
0.9527666666666665,0.15636089639763037,0.91776,0.9267,0.055464448584273816
0.9512333333333335,0.16017454712316392,0.9173,0.9269,0.04191062592246646
0.9518333333333333,0.15863350627223655,0.91887,0.927,0.0323418793166473
0.9525166666666667,0.15619564483712117,0.9188200000000001,0.9271,0.030795864593392074
0.9423833333333334,0.19077637086684504,0.9082899999999999,0.9274,0.14564840297490633
0.9506333333333332,0.18219349914068977,0.91541,0.9275,0.1599501520965769
0.84415,0.8607004455149175,0.8263599999999998,0.9276,1.3795447196751032
0.9573833333333334,0.14691997581198812,0.92261,0.9277,0.033781763859547745
0.9479333333333334,0.17013231903985143,0.9155200000000001,0.9278,0.0712702320146104
0.9537166666666667,0.15280562594756483,0.91936,0.9278,0.03205540935759651
0.9536666666666667,0.1530209466524422,0.9187000000000001,0.9282,0.023594752672758873
0.9548000000000001,0.15330889334504805,0.9202100000000001,0.9283,0.03991706518785482
0.9169166666666666,0.33693825879891715,0.89111,0.9285,0.41251949645973085
0.9577333333333333,0.14343054582153758,0.9233899999999999,0.9286,0.013532473703410354
0.9197333333333333,0.4442990531715254,0.8898800000000001,0.9289,0.8641137524487679
0.9470166666666667,0.17476369022404153,0.91418,0.929,0.09735512692015133
0.9185500000000001,0.33410398855432866,0.88805,0.9291,0.4068559637097248
0.9581166666666666,0.1422873317507406,0.92383,0.9293,0.02085711082855218
0.9255666666666666,0.2997948081468543,0.8938200000000001,0.9292,0.46352090834712734
0.9539666666666666,0.1540199925430119,0.9195399999999999,0.9295,0.05599473584295424
0.9519166666666667,0.15371701965903242,0.9189,0.9295,0.04124107219605557
0.9512833333333334,0.1595528771226605,0.91981,0.9297,0.042343951342312926
0.9523333333333334,0.16148065031295022,0.9177500000000001,0.9299,0.08791646521940953
0.8962833333333333,0.48550527629454926,0.8739800000000001,0.9303,0.7739063513128789
0.96065,0.13465038986330233,0.92554,0.9301,0.021663914745884257
0.9479833333333334,0.1715594136827936,0.9138999999999999,0.9303,0.09994603892932595
0.9512499999999999,0.16061687171322603,0.91692,0.9301,0.08508094777363977
0.8954333333333334,0.4967662878190478,0.8738500000000001,0.9302,0.6865664664509653
0.9221333333333332,0.30711681032230453,0.8888999999999999,0.9305,0.4103180750809884
0.9600166666666666,0.136085240419209,0.92401,0.9306,0.016717522731442246
0.9594166666666666,0.14017779701699812,0.92503,0.9306,0.01820197241573285
0.9533166666666667,0.15765551216130458,0.91992,0.9309,0.06488098044635747
0.9591666666666666,0.1384759772506853,0.92641,0.9309,0.008294380120344471
0.9575833333333333,0.14385128779982526,0.92205,0.931,0.017931661893400383
0.9203833333333334,0.42166540583769485,0.8941,0.931,0.6443057032556
0.9093333333333333,0.5001956134356559,0.8869,0.9314,0.8477767802904635
0.9547666666666665,0.15706789634252585,0.92082,0.9317,0.08567883187292329
0.9347833333333333,0.2595009926870465,0.9014599999999999,0.9318,0.2980734404779403
0.9567166666666668,0.1507672783114016,0.9217500000000001,0.932,0.062170815319929365
0.8786999999999999,0.8032017295695841,0.85486,0.932,1.231704885627451
0.9442166666666666,0.18854287804588676,0.91008,0.9319,0.12920948314598574
0.9338,0.28096109686493875,0.90031,0.932,0.3127569094645615
0.9618333333333334,0.13294338006836673,0.92579,0.9325,0.01599880805652113
0.9550666666666666,0.14793700123752157,0.92105,0.9324,0.03505457158046128
0.9221333333333332,0.31549938945236305,0.89196,0.9326,0.4007558643104049
0.9515,0.16120560898569725,0.9154700000000001,0.9326,0.06465657056875843
0.9527833333333333,0.15462437528247633,0.9188700000000001,0.9328,0.061262607960487804
0.9627833333333333,0.12852012972347437,0.92927,0.933,0.01186365201047224
0.9639333333333333,0.1261780630559971,0.9280400000000001,0.933,0.010152216498066116
0.9647833333333333,0.1238028678573668,0.92948,0.9335,0.009826732728681741
0.9464166666666667,0.17650021552493173,0.91264,0.9336,0.08561955753892601
0.9487166666666667,0.2075259882528335,0.91666,0.9336,0.21020749476353953
0.9509833333333333,0.15807213967690864,0.9183999999999999,0.9337,0.052322504801280124
0.9549333333333334,0.14740253295811515,0.92315,0.9338,0.033423977206460447
0.9595166666666667,0.13878164301477375,0.9251999999999999,0.934,0.026485123542392207
0.9436666666666667,0.18236006545101605,0.9138000000000001,0.9339,0.09213162534262274
0.9243166666666667,0.47488831476370497,0.8915299999999999,0.9339,1.1174622675782522
0.9442166666666667,0.1869711461070925,0.9124000000000001,0.9339,0.15333174787603251
0.9490333333333334,0.17108782959518332,0.91493,0.9346,0.11165651542745632
0.9623333333333333,0.12822984971379242,0.92841,0.9347,0.01234033943252442
0.9623166666666666,0.13100029486728212,0.9284600000000001,0.9347,0.01910371764111049
0.8988166666666666,0.5924464988897243,0.8740600000000001,0.9346,0.8518076123202865
0.9570500000000002,0.14242437791178622,0.92374,0.9346,0.040337264897502355
0.9518833333333334,0.1538527294834455,0.9213600000000001,0.9351,0.029187943613269166
0.9535333333333333,0.15297974301837383,0.9210400000000001,0.9352,0.06762889743089966
0.96045,0.13527952639237045,0.92597,0.9351,0.03143497947296124
0.9609500000000001,0.13468840489747622,0.9267899999999999,0.9352,0.025892483892131946
0.96245,0.13022078300118448,0.92833,0.9353,0.022733600975092635
0.9526666666666668,0.15524642308354378,0.92174,0.9357,0.0506807189507347
0.9518833333333333,0.15912887450841565,0.91946,0.9359,0.06002704378320179
0.9635333333333334,0.12443841845430434,0.9291300000000001,0.936,0.02258285003184025
0.95205,0.1654641444599877,0.9177900000000001,0.9364,0.1426989277981482
0.9547666666666665,0.15296522194643816,0.92055,0.9363,0.08224036749802806
0.9521999999999999,0.15539438271385927,0.91877,0.9361,0.07074017308842775
0.9621999999999999,0.1299492110165457,0.92841,0.9364,0.02921839314985198
0.9624833333333334,0.128983644009009,0.92818,0.9364,0.02619929301208054
0.9466833333333333,0.19874285156403979,0.9151,0.9371,0.17919578649485435
0.9277166666666666,0.3456373873054982,0.90101,0.9376,0.48702643149711106
0.9626666666666668,0.13028765086879332,0.9294699999999999,0.9377,0.01728562949010018
0.9656,0.11977689090669155,0.93169,0.9375,0.011098952602980633
0.9629166666666666,0.125030599184831,0.92874,0.9379,0.029932055834090667
0.9519500000000001,0.16243875710107386,0.9188700000000001,0.9378,0.12228244183787756
0.9622166666666666,0.1299099220515539,0.92888,0.9378,0.0433824410356803
0.9612166666666666,0.13122753876124818,0.9282600000000001,0.9381,0.018405193072012414
0.9579166666666666,0.1402420617284874,0.92354,0.9384,0.055434916844664964
0.9347500000000001,0.2729129488172631,0.90869,0.9384,0.36481869484586993
0.9547,0.1487486364444097,0.92053,0.9387,0.06632359638098578
0.9191499999999999,0.3514790884735684,0.8953,0.9385,0.5104549750242577
0.9559166666666667,0.1509815066729983,0.92184,0.9386,0.10721580152678706
0.9507666666666668,0.16547232349713642,0.9172900000000002,0.9384,0.12143828800966022
0.9645833333333333,0.12201028066625198,0.92884,0.9383,0.02106494063265019
0.8455833333333334,1.172045424594606,0.83087,0.9381,1.9981066322658243
0.9610833333333333,0.13059311824589967,0.9263199999999999,0.9381,0.029160789393705942
0.9534833333333333,0.15360276074397067,0.92303,0.9383,0.048898791651267454
0.9648833333333333,0.1219272000466784,0.9312,0.9385,0.01053852669593631
0.9643666666666667,0.12434690480108063,0.93065,0.9386,0.03610602054447822
0.9577500000000001,0.14150460781343283,0.92347,0.9387,0.05352394227848941
0.9678166666666667,0.11522644057795406,0.93403,0.9387,0.015672516642769228
0.9581500000000001,0.13804178293719888,0.92444,0.9385,0.039896244056022157
0.96325,0.12747481061331928,0.9319600000000001,0.9388,0.024621176961260153
0.9481333333333334,0.16703467366471883,0.92037,0.9386,0.060489947512747756
0.95075,0.17658422514076033,0.91914,0.9387,0.14672185920528644
0.9493333333333334,0.16908128937805694,0.91676,0.9387,0.10547430855438739
0.9653,0.12262479941720765,0.9310200000000001,0.9389,0.027145947576103613
0.9663166666666666,0.11679719928664466,0.9331299999999999,0.939,0.014235401920053365
0.9677500000000001,0.11389683620780706,0.93344,0.9391,0.01404530595727296
0.9640000000000001,0.12270117634634177,0.9318299999999999,0.9391,0.02582075083863007
0.9657166666666667,0.11810542952318986,0.9326599999999998,0.9392,0.016157415575417555
0.9645333333333335,0.12372186989883581,0.93075,0.9393,0.014776420548753456
0.9601833333333333,0.13571460612838468,0.92662,0.9396,0.042336078308121805
0.9641833333333334,0.1213366761814803,0.93162,0.9395,0.023535999062605444
0.9531333333333333,0.15883455486496292,0.9207299999999999,0.9394,0.11424877506058753
0.9658166666666667,0.1193137197566529,0.93278,0.9395,0.028478618868762157
0.9641499999999998,0.12124898518895111,0.9313199999999999,0.9396,0.018024687896443313
0.9500833333333334,0.17550268031371136,0.9177,0.9395,0.18044710328258642
0.9675166666666667,0.1137642635971308,0.93309,0.9396,0.022308542486651806
0.9562666666666667,0.15178649799426397,0.92404,0.9398,0.10022443200848376
0.9634833333333332,0.12632604969491562,0.9309499999999999,0.9399,0.04301090349004931
0.9486166666666666,0.17173809249835711,0.9171100000000001,0.9398,0.09426855299164844
0.9550666666666667,0.16371186651314298,0.91968,0.9396,0.1822004154273826
0.91665,0.3753051640642186,0.89517,0.9398,0.5313058776644257
0.9502666666666668,0.16411821136735377,0.9188999999999999,0.94,0.09535040036307296
0.9660166666666666,0.11917488874693713,0.93221,0.9399,0.02128811705097011
0.9616333333333333,0.12799231681997578,0.92969,0.9402,0.02518778251561574
0.9628666666666666,0.12591180276523034,0.92968,0.9405,0.05375911615619917
0.9692333333333333,0.10914200154058636,0.93512,0.9405,0.006318315653830172
0.9661,0.11855717159671089,0.9319500000000001,0.9405,0.03368255969531652
0.9656666666666667,0.11804628922181824,0.93151,0.9404,0.02880163653694348
0.9496500000000001,0.18386081848330796,0.91671,0.9403,0.18868702454046649
0.9577833333333334,0.14189706042185427,0.9247900000000001,0.9403,0.061811055129642634
0.94855,0.22088052346073092,0.9156600000000001,0.9406,0.3468794344336479
0.9626166666666666,0.12526992634286482,0.9304,0.941,0.04512525172098483
0.9666666666666667,0.11573517030266424,0.93355,0.9408,0.016791518014061216
0.9537333333333333,0.15045539759608606,0.92211,0.9411,0.09233090106834016
0.9698833333333334,0.10801973422393205,0.9365100000000001,0.9411,0.007707642706909409
0.9092333333333332,0.5206744164624563,0.88679,0.9412,0.9763642057398436
0.9675333333333332,0.11295190308354794,0.93442,0.9413,0.014367253343189518
0.9457833333333333,0.21651891299026707,0.9156299999999999,0.9412,0.28771342630593366
0.9679,0.11203149064518511,0.93475,0.9412,0.027179452014043703
0.9567833333333334,0.1425970726205657,0.9251499999999999,0.9414,0.05177368624579802
0.9655333333333334,0.12261467517775794,0.93107,0.9415,0.042235690825579326
0.9708,0.1041057844394197,0.93611,0.9417,0.008904876353841415
0.9694999999999999,0.10752961963402728,0.9356599999999999,0.9416,0.012504314757799036
0.9669666666666668,0.11302608995673558,0.9336700000000001,0.9421,0.01812047558707577
0.9617499999999999,0.14157554194728533,0.92884,0.9421,0.09636622742531663
0.97075,0.10656919984146954,0.9363,0.9421,0.004902923877088595
0.9654833333333334,0.11902781757029395,0.9333999999999999,0.9424,0.041256381395453866
0.9537833333333333,0.15751194906073313,0.9216799999999999,0.9425,0.11503163007723755
0.9583333333333333,0.13826467803853254,0.92905,0.9424,0.061108380735479396
0.9014166666666668,0.7146773480096211,0.87086,0.9424,1.8745419537255361
0.9626166666666667,0.1268485847034802,0.9295599999999999,0.9424,0.05839033422922378
0.9599333333333333,0.13139624415275952,0.92903,0.9429,0.06956191504621284
0.9601499999999998,0.13316866428591312,0.92804,0.9429,0.06660338339278127
0.9713833333333334,0.10278247450192769,0.9369700000000001,0.9428,0.012620122026651096
0.9670500000000001,0.11085261089975634,0.9352900000000001,0.943,0.017072969536430976
0.9703166666666666,0.10455448616184294,0.9365800000000001,0.9429,0.014459209240150234
0.95565,0.15007729623106617,0.9222100000000001,0.9428,0.10779997443644208
0.9664,0.11510786278049151,0.9331899999999999,0.9432,0.014955280405495232
0.9598000000000001,0.1541229496055593,0.9263399999999999,0.9431,0.14299411048429173
0.9476,0.2902901933708538,0.9151999999999999,0.943,0.6008679000919024
0.9616166666666666,0.12988291541064778,0.9305,0.9427,0.036837233270525356
0.9706333333333332,0.10517209217300018,0.93672,0.9427,0.008512422930360877
0.9574666666666666,0.15209313238784672,0.92457,0.9428,0.14868853646382954
0.9715333333333334,0.10192892564982176,0.9370499999999999,0.9429,0.013372077985809095
0.9680833333333333,0.11091241601432364,0.93514,0.943,0.02420114618581121
0.9274833333333333,0.3623857064711551,0.8952800000000001,0.9431,0.7665544051253426
0.9707,0.103948418210571,0.9371800000000001,0.9434,0.016903146150708682
0.9669333333333334,0.1122192163395385,0.9343599999999999,0.9432,0.027779331964827122
0.9669499999999999,0.11914575059525667,0.9332099999999999,0.9434,0.05699528222470932
0.9628833333333333,0.12262996193145712,0.92986,0.9433,0.03646386328231176
0.9222666666666666,0.4755007287005584,0.8918,0.9433,1.1346801846223091
0.9089333333333333,0.6790830929397296,0.87727,0.9436,1.773669499262185
0.9659,0.11445808349909882,0.93213,0.9435,0.02691571780002781
0.9515000000000001,0.16522642127697668,0.92084,0.9435,0.09078014586254965
0.96025,0.13834433567834395,0.92765,0.9438,0.08828166463520232
0.9639333333333333,0.12421882173245152,0.93103,0.9439,0.051994526585559586
0.9614833333333334,0.14251377885440986,0.9314500000000001,0.9441,0.10070364710483175
0.9408833333333334,0.2667768718423943,0.9152000000000001,0.9443,0.3834966847084414
0.9647,0.12012602260559799,0.93176,0.9441,0.03645177516356113
0.9502333333333334,0.17475212172195315,0.91998,0.9444,0.16262590323712078
0.96465,0.12514874168224632,0.9304,0.9444,0.0954119000113395
0.9677333333333333,0.11134794747357567,0.93374,0.9443,0.026730343107738037
0.9632499999999999,0.12938629668839274,0.9311800000000001,0.9444,0.08779993741810767
0.9703499999999999,0.10417509099046389,0.9366800000000001,0.9445,0.015126860361571386
0.9728666666666667,0.09862770011996229,0.9397199999999999,0.9445,0.008065623962142771
0.974,0.09536902724765241,0.94122,0.9446,0.004009645764370116
0.9712333333333334,0.1039964243721217,0.93762,0.9445,0.013675907440655957
0.97235,0.09914083914943038,0.9375600000000001,0.9446,0.023717909026060968
0.9559333333333333,0.17696653089833758,0.92296,0.9446,0.2196813509185939
0.9739333333333334,0.09565682930822174,0.9403000000000001,0.9448,0.0097040213015851
0.9745666666666666,0.09483659524259468,0.94008,0.945,0.00948299078836833
0.9726833333333333,0.096786651316906,0.94016,0.945,0.010278769583932475
0.9706833333333333,0.10544503537341952,0.9362000000000001,0.9452,0.02631637464016764
0.962,0.1260633227645109,0.9315599999999999,0.9451,0.05990499012488769
0.94235,0.3201684016097337,0.91175,0.9454,0.7084301426108032
0.9720833333333334,0.10049058244563637,0.93895,0.9454,0.02237941406116877
0.9725,0.10051864007326464,0.9391800000000001,0.9452,0.02586611462736131
0.9715,0.09975386065195005,0.93921,0.9454,0.015248490930391432
0.9355166666666668,0.3353957102025548,0.90226,0.9455,0.7735298665814008
0.9687666666666667,0.10840757712883253,0.93585,0.9457,0.03018155331064665
0.9717666666666666,0.09985215465836228,0.9392699999999998,0.9457,0.016772457490543586
0.9394333333333333,0.30949441456633314,0.91378,0.9457,0.5301918062881007
0.9720166666666665,0.0984386463649571,0.939,0.9456,0.008717898898739656
0.9372333333333334,0.26128037657340364,0.9074200000000001,0.9457,0.41695278295058075
0.9721,0.09831174857281148,0.93923,0.9458,0.00914790334735074
0.9597166666666667,0.1422927887873103,0.92861,0.9459,0.11649687948971031
0.9605666666666667,0.1425746933542192,0.92788,0.9458,0.1324152116035447
0.9690000000000001,0.10534984435848892,0.93706,0.9459,0.02070287665443771
0.97285,0.09775877782280246,0.94018,0.9458,0.017549992262480538
0.963,0.12684254126101732,0.92945,0.9459,0.07740418197176943
0.9696166666666667,0.10472849635494252,0.9365699999999999,0.946,0.02496983195257709
0.9685333333333334,0.11276462796206276,0.93524,0.946,0.04870997076907499
0.9717666666666667,0.09960051873152455,0.9387599999999999,0.946,0.019618316454032603
0.9682999999999999,0.10955286844099563,0.93613,0.9461,0.030401528194125622
0.9698,0.10499985019229353,0.93787,0.9462,0.024667768436685375
0.96695,0.12517908850076298,0.93333,0.946,0.08100809556351021
0.9503166666666666,0.19558216516003013,0.91941,0.9464,0.3213517535708045
0.9745833333333332,0.09285305870560308,0.93945,0.9462,0.011003097219769374
0.9726166666666668,0.09528808316898844,0.9403299999999999,0.9462,0.019184605895572963
0.9743833333333334,0.0925739159512023,0.9404499999999999,0.9459,0.017933896258505378
0.9680333333333333,0.10510030388596157,0.93561,0.9461,0.022640308731565313
0.9748333333333333,0.09091932740124563,0.9418700000000001,0.9462,0.006854730434259741
0.9698333333333333,0.10420217770189047,0.93718,0.9465,0.02473003904506983
0.9590666666666667,0.14199865882880983,0.9282900000000001,0.9467,0.11432093982723014
0.9486166666666668,0.2395293378553043,0.92151,0.9467,0.37241950963240483
0.9729666666666666,0.0943055818916609,0.9406100000000001,0.9471,0.01992240869837213
0.9758333333333332,0.08917035835708181,0.94241,0.9468,0.009762428628717216
0.9357999999999999,0.3599955219426502,0.91272,0.9473,0.639447096139823
0.9759833333333334,0.08935255832597615,0.94186,0.9472,0.008507952244154883
0.9756500000000001,0.08983250030962131,0.9434,0.9472,0.010986626744773954
0.9683166666666667,0.10700333565237621,0.9354899999999999,0.9475,0.03301244359722051
0.9493833333333334,0.1781599087542544,0.9228399999999999,0.9474,0.15477462242417325
0.9600833333333334,0.137761287526538,0.9293899999999999,0.9477,0.09261015955566645
0.94565,0.1888310163423419,0.92022,0.9478,0.14845289212650856
0.9709666666666666,0.10196517641097307,0.93734,0.9478,0.046362997859776635
0.9532166666666666,0.21296909614639978,0.92099,0.9477,0.39762576984631304
0.9735833333333334,0.09735579893824955,0.94024,0.9478,0.028232569140095053
0.9331,0.3756871282063425,0.90959,0.9478,0.6984662845057366
0.9619500000000001,0.14299209749115013,0.93004,0.9478,0.1661478067940506
0.9751,0.09070530640905103,0.9410699999999999,0.9478,0.011164490131064707
0.9267500000000001,0.43929719990442195,0.8950199999999999,0.9478,0.9987852525497157
0.9500333333333333,0.17810465955336888,0.92478,0.9479,0.1924850085684744
0.9704166666666666,0.10384412151612342,0.93732,0.948,0.05255289501796469
0.9727833333333334,0.0965018759135157,0.9402699999999999,0.948,0.023817394024611766
0.9720166666666668,0.10068028559063871,0.93855,0.9479,0.03898527785879191
0.9660666666666666,0.11406257223524152,0.9328800000000002,0.948,0.07369132264504823
0.9736166666666667,0.09578550986088813,0.94009,0.9479,0.02116971893641813
0.9734499999999999,0.09434438942981262,0.9414,0.9479,0.021844570988915055
0.973,0.09542159860432149,0.9400299999999999,0.9478,0.00986193936660848
0.9640166666666667,0.12721682759610314,0.93188,0.9477,0.12151540125623704
0.9586833333333333,0.14912277345918118,0.9304300000000001,0.9476,0.14092395506100006
0.9769,0.08648484829540054,0.9454799999999999,0.9477,0.00742919548779356
0.9635333333333331,0.13160964232881864,0.93104,0.9478,0.14313362668833776
0.9745,0.0921474531451861,0.94186,0.9479,0.014351054757536006
0.9764666666666667,0.08699555832681555,0.94353,0.948,0.00691233644488793
0.9738166666666668,0.0921996896720181,0.94163,0.9478,0.012403782880066399
0.978,0.08378887661447129,0.94472,0.9479,0.006213079473533179
0.9725166666666666,0.09734771672723194,0.93963,0.9478,0.021558372299892766
0.9510166666666666,0.18334351836554705,0.92572,0.9479,0.2050596388565406
0.9654833333333334,0.11397091009393336,0.9336800000000001,0.9478,0.05296613186410977
0.9738166666666668,0.09313110756414632,0.94047,0.948,0.02544409781069275
0.9739666666666668,0.09320342534855008,0.94087,0.9481,0.01013184300104639
0.9694833333333335,0.10790545099054773,0.9359700000000001,0.948,0.06404925025997547
0.9578833333333333,0.14674739895164968,0.92619,0.9483,0.11771310401404567
0.9758333333333333,0.09048213815838099,0.94239,0.9485,0.015884439100326102
0.9763666666666666,0.08802551297582686,0.94292,0.9487,0.014928129661149224
0.9766333333333334,0.0883721490026762,0.9422900000000001,0.9485,0.013029969333656034
0.9435833333333332,0.32237137611508376,0.91874,0.9486,0.5927021261314515
0.9755666666666667,0.08876768852521975,0.9426499999999999,0.9485,0.02037434606661232
0.9646833333333333,0.1266463566315671,0.9324600000000001,0.9484,0.10750196305497459
0.9758333333333332,0.08737224009074271,0.9420899999999999,0.9485,0.01412512566444506
0.94435,0.20676378588750957,0.92036,0.9489,0.26511596266659465
0.9771333333333334,0.08306804925588271,0.9447399999999999,0.9489,0.005551757913239024
0.9760500000000001,0.08574586812891066,0.9435300000000001,0.9492,0.01028960158275323
0.9748999999999999,0.0909255518630147,0.9416199999999999,0.9494,0.021024689320453545
0.9745333333333335,0.09042579187899827,0.9421999999999999,0.9495,0.01458372049481373
0.9775166666666668,0.08390667429504295,0.9449599999999999,0.9494,0.005074434025788487
0.97405,0.09089410373022158,0.9414600000000001,0.9495,0.020080318404700453
0.9330833333333333,0.3891275843054056,0.90965,0.9496,0.6865629170389199
0.9679833333333334,0.11987389146015048,0.93473,0.9498,0.10374989269091857
0.9774666666666667,0.08473540252496799,0.94441,0.9496,0.011421976929428151
0.9661666666666666,0.11198591388240459,0.93624,0.9499,0.0623294974613623
0.9761166666666667,0.087854448922351,0.9429000000000001,0.9499,0.011373288286060051
0.9664666666666667,0.11038111917115749,0.93431,0.9498,0.05841531439640873
0.97665,0.08502695227749647,0.9435399999999999,0.9499,0.013656744287739945
0.9651666666666666,0.11986352120737234,0.93586,0.9501,0.06298908674939874
0.9751333333333334,0.0884947404200832,0.9432200000000001,0.9499,0.022824392055159737
0.9733166666666666,0.09213110505764682,0.94047,0.9501,0.02238558124915698
0.9785166666666667,0.08056237563677131,0.9459099999999999,0.9502,0.007713042447117637
0.9767333333333333,0.08581233653811117,0.9435600000000001,0.9502,0.005474515144611583
0.97905,0.07948194601138432,0.9451700000000001,0.9505,0.008933146180238771
0.97215,0.09949616136252881,0.9402500000000001,0.9502,0.05484857494149997
0.96935,0.11174995579756797,0.93795,0.9504,0.08615967225755158
0.9752000000000001,0.09156388906612993,0.94121,0.9505,0.03500765592643235
0.9773666666666666,0.0828332037250201,0.94368,0.9504,0.010087998652141548
0.9583666666666667,0.1476503973186016,0.9310199999999998,0.9504,0.13683402171762357
0.9774166666666667,0.0831718657075117,0.94495,0.9507,0.010210760764412102
0.9731666666666666,0.0937158763984839,0.9422099999999999,0.9507,0.030391287678085382
0.9626166666666667,0.14843911626475556,0.9322199999999999,0.9507,0.21627874948185163
0.9776166666666667,0.08309041459696989,0.94592,0.9509,0.011696166153189117
0.9748333333333334,0.09093848586156966,0.9421,0.9508,0.02095169594383031
0.9735166666666666,0.09821928144072493,0.94119,0.9508,0.05360192073063779
0.9801666666666667,0.07734432717934252,0.94656,0.9509,0.005662168432767286
0.9736333333333334,0.09325338611019154,0.94112,0.9509,0.02899286223673764
0.9721666666666667,0.0976466668686519,0.9379900000000001,0.9509,0.04432967052674312
0.9756166666666666,0.08770764929043749,0.9432,0.9509,0.01661564024597512
0.9772,0.08369590857947866,0.94311,0.9509,0.013728634785626897
0.9261,0.36882395155330494,0.9037299999999999,0.9509,0.543883866401456
0.9794833333333334,0.07642542003629109,0.94677,0.9509,0.006161081493406264
0.9765499999999999,0.08357795573833088,0.94499,0.951,0.010736619343526198
0.96095,0.13499475060626862,0.93069,0.9512,0.1152975306418665
0.96995,0.1074002655102561,0.93839,0.9512,0.05345404432942054
0.9776666666666667,0.08161024355838696,0.945,0.9515,0.01384120857310715
0.9782333333333334,0.08187683138338228,0.9446999999999999,0.9515,0.012713632364239353
0.9785666666666667,0.0812787757695963,0.9457800000000001,0.9513,0.007633968367445151
0.97975,0.07747167023147145,0.9463400000000001,0.9514,0.00707420688472486
0.97875,0.07996018056571484,0.94458,0.9515,0.009246040201690543
0.9784333333333333,0.08143262260134021,0.9441299999999999,0.9517,0.011512956725583045
0.9771333333333333,0.08287478636118274,0.9433299999999999,0.9517,0.017689249242685764
0.9398166666666665,0.283978007485345,0.91073,0.9518,0.5938382731956946
0.9696499999999999,0.1091531753414621,0.94069,0.9516,0.07286436654565397
0.9695333333333334,0.11520447764346996,0.93589,0.9518,0.11524832597644673
0.9756000000000001,0.08705735025728742,0.94313,0.9518,0.0201243362580472
0.9737333333333333,0.09261092100441456,0.9417500000000001,0.9518,0.03081807722731957
0.9713999999999999,0.1069204706005752,0.9379,0.9518,0.10048978107901751
0.9738,0.0925940269574523,0.94067,0.9518,0.056477752644405646
0.9777,0.08237504932545126,0.94466,0.9516,0.013189126147681121
0.9768,0.0838438592294852,0.94332,0.9516,0.036685193754039946
0.9735333333333333,0.09546270771473647,0.94279,0.9516,0.04146033092496164
0.9767166666666667,0.08438152079693974,0.9452,0.9516,0.015220940627717495
0.9785,0.08067511355603735,0.9448999999999999,0.9518,0.014741424192518534
0.964,0.14722538209731378,0.93235,0.9519,0.23668178745365964
0.9388666666666666,0.30316018464565275,0.91692,0.9521,0.5632583052763778
0.9789000000000001,0.07924936788628499,0.94578,0.952,0.00836331990898
0.9786499999999999,0.08025409891617794,0.94489,0.9519,0.011664684457844148
0.9324833333333333,0.2839135807752609,0.91025,0.9518,0.39197494746954875
0.9642833333333333,0.1309270807084938,0.93271,0.9517,0.12952503388255315
0.9595999999999999,0.1988723750370244,0.9268400000000001,0.9516,0.38758436360748943
0.9797666666666667,0.07793338278979063,0.94648,0.9516,0.011713563610644536
0.9736833333333333,0.09400300518410902,0.94018,0.9517,0.03545799318787783
0.9796,0.07761000381844739,0.94619,0.9519,0.012898072231504151
0.97655,0.08406674806674322,0.9435600000000002,0.9518,0.02196947998561268
0.9782666666666667,0.0799278669183453,0.9459299999999999,0.9516,0.01255817088968856
0.9792666666666667,0.0776406164911886,0.9470800000000001,0.9518,0.009880658010591653
0.9737666666666667,0.09142616529588898,0.94058,0.9517,0.04700018197505649
0.9753499999999999,0.08910112088037034,0.9427600000000002,0.952,0.031218758230496038
0.90395,0.7338420895603796,0.88829,0.952,1.5022686903963167
0.96895,0.1086472022075206,0.93699,0.952,0.05987152552234869
0.9805166666666666,0.07503819137116273,0.9475899999999999,0.952,0.006091106736949325
0.9771666666666666,0.0823206361848861,0.94348,0.9518,0.023740105528287713
0.9767666666666667,0.08434930149714152,0.9448599999999999,0.9518,0.032450920620773406
0.9793166666666667,0.07723618548015754,0.9463499999999999,0.9519,0.006507405775064029
0.9786166666666667,0.07885763268681864,0.94618,0.9519,0.01015912807221244
0.9392833333333334,0.42147775275477517,0.91615,0.9519,0.8178783710084774
0.9808666666666667,0.07292812630484502,0.9483699999999999,0.9522,0.008084609152660203
0.9767499999999999,0.08231234307202201,0.9444000000000001,0.9523,0.014359366769397516
0.9759333333333333,0.08297628618776796,0.94472,0.9523,0.014718063666880426
0.9757833333333333,0.0869578904354324,0.9443,0.9521,0.04224349357992785
0.9796499999999999,0.0764729522233208,0.9472200000000001,0.9518,0.010434804260625522
0.97235,0.09584158986682693,0.9414500000000001,0.9521,0.04472719183196992
0.9753666666666666,0.08821187768640618,0.9422699999999999,0.952,0.03926166144639374
0.9809166666666667,0.07407807108946143,0.94746,0.952,0.009436744225471201
0.9762833333333332,0.08528494950520496,0.94503,0.9521,0.025695503956334954
0.97475,0.0889912548991541,0.94202,0.9524,0.029597011334746223
0.97255,0.0930362478206555,0.9406,0.9525,0.042289599021206915
0.9799833333333333,0.07640967206185062,0.9462900000000001,0.9523,0.010229831555755192
0.96505,0.11754931310700874,0.9330499999999999,0.9524,0.07848124219998724
0.9755166666666667,0.08617577485988538,0.94454,0.9524,0.025063657333782303
0.9794666666666667,0.07605577148869634,0.9470500000000001,0.9526,0.010903683107998616
0.9792333333333334,0.07657340001401801,0.94762,0.9526,0.017158094128774736
0.9811833333333334,0.07295146266209582,0.94753,0.9526,0.0103277803104204
0.9797333333333333,0.07591389013528824,0.9469000000000001,0.9525,0.013669796399757324
0.9230666666666666,0.45621911657017966,0.9021599999999999,0.9526,0.9656399830299144
0.9782166666666666,0.07980247809508192,0.94511,0.9524,0.026098680038522164
0.9746833333333332,0.08908034228223066,0.9422800000000001,0.9524,0.05193232907371089
0.9561166666666666,0.1756746608575185,0.9224300000000001,0.9527,0.33751742742800733
0.9812833333333334,0.07122188268763324,0.94846,0.9527,0.006239936004892614
0.9129999999999999,0.46383232740325225,0.8901399999999999,0.9528,0.7780270155401721
0.9805166666666666,0.07344964338665208,0.9474,0.9529,0.010149495201490482
0.9783166666666666,0.07878929845305781,0.94629,0.9529,0.022028258730505568
0.9815166666666666,0.07120176268517972,0.94767,0.9532,0.00917958702259394
0.9784999999999999,0.078565622882545,0.9453199999999999,0.953,0.010324071542340005
0.9806,0.07390961749653023,0.9473699999999999,0.9529,0.010387870141290187
0.9800333333333334,0.0740068391993021,0.94733,0.953,0.014058143163170908
0.9670833333333333,0.14234128223297499,0.9379200000000001,0.9531,0.1602442683666987
0.9798333333333333,0.07552169956428309,0.94699,0.9532,0.008913513943357146
0.9814166666666667,0.07037723042033614,0.9484199999999999,0.9532,0.008103385610009811
0.9811333333333333,0.07221171519060929,0.9480999999999999,0.9531,0.007757779333830169
0.9482166666666668,0.2890455259145548,0.92201,0.9532,0.5712525429461465
0.9793499999999999,0.07744855397231876,0.9473099999999999,0.9533,0.03688152804103448
0.9831666666666665,0.06807511019495627,0.94904,0.9533,0.006907822430420617
0.9788000000000001,0.07670253069189686,0.94593,0.9534,0.02768178719766158
0.9830000000000001,0.0683469209862873,0.9493400000000001,0.9534,0.00517395604558775
0.9781333333333333,0.08074868555453918,0.9442699999999999,0.9534,0.024240518781110332
0.9815,0.07005424392012258,0.94947,0.9537,0.007582756240266542
0.9695666666666667,0.130218169347321,0.93583,0.9534,0.16553183990529066
0.978,0.08037073072853188,0.94553,0.9537,0.021791347438073306
0.9801833333333333,0.07361950319012006,0.94711,0.9539,0.011615587817721198
